;Типтопкидс;Кораблик;Вайлдберрис;"Цена Wildberries";"Цена Кораблик"
"Игрушка-кукла-сюрприз L.O.L. в шарике 548843";https://tiptopkids.ru/catalog/igry_i_igrushki/kukly_i_aksessuary/kukly/igrushka-kukla-syurpriz-lol-v-sharike/;https://www.korablik.ru/product/1911432/;нет
"Игрушка-сюрприз LOL Confetti Pop ";http://tiptopkids.ru/catalog/igry_i_igrushki/kukly_i_aksessuary/kukly/kukla-syurpriz-lol-confetti-pop-551515-/;https://www.korablik.ru/product/1911432/;https://www.wildberries.ru/catalog/5659630/detail.aspx?targetUrl=BP;"
"
"Игрушка L.O.L. Surprise Декодер Куколка в капсуле 552048";http://tiptopkids.ru/catalog/igry_i_igrushki/kukly_i_aksessuary/kukly/igrushka-l-o-l-surprise-dekoder-kukolka-v-kapsule-552048/;;
"Пупс 40 см, 3 функции пьет,писает с аксессуарами в коробке Y40BB-DP-WT-RU Карапуз";http://tiptopkids.ru/catalog/igry_i_igrushki/kukly_i_aksessuary/pupsy/pupsy-funktsionalnye/pups-karapuz-40sm-3-funktsii-pet-i-pisaet-s-aksess-v-assort-v-russ-kor-v-kor-6sht/;;https://www.wildberries.ru/catalog/6493532/detail.aspx?targetUrl=ES;"2 940 руб.
"
"Игрушка-сюрприз L.O.L. Жемчужина, в ассортименте 116677";http://tiptopkids.ru/catalog/igry_i_igrushki/kukly_i_aksessuary/kukly/igrushka-zhemchuzhina-v-ass-116677-lol/;https://nizhniy-novgorod.korablik.ru/product/2552807/;нет
"Фигурка LOL в шарике Surprise Pets 549574";http://tiptopkids.ru/catalog/igry_i_igrushki/kukly_i_aksessuary/kukly/figurka-l-o-l-v-sharike-surprise-pets-series-3-/;https://nizhniy-novgorod.korablik.ru/product/2389796/;https://www.wildberries.ru/catalog/5760115/detail.aspx?targetUrl=ES;"1 399 руб.
"
"Набор ""NATALI"" №3 (в коробке) 43412";http://tiptopkids.ru/catalog/igry_i_igrushki/igrovye_nabory_dlya_devochek/kukhnya/nabor-natali-3-v-korobke/;;
"Игрушка LOL Декодер Чемодан 60 сюрпризов";;;
"Бластер NERF Элит Дисруптор B9837 HASBRO";http://tiptopkids.ru/catalog/igry_i_igrushki/oruzhie/nerf/blaster-hasbro-nerf-elit-distruptor-b9837/;https://nizhniy-novgorod.korablik.ru/product/1906922/;https://www.wildberries.ru/catalog/4124014/detail.aspx?targetUrl=IN;"1 610 руб.
"
"Автомобиль-самосвал ""Буран"" №3 (бело-красный) Полесье";http://tiptopkids.ru/catalog/igry_i_igrushki/transport/mashinki/buran-3-avtomobil-samosval-belo-krasnyy/;нет;
"Настольная игра ""Хоккей"" (новый сезон) 76195";http://tiptopkids.ru/catalog/igry_i_igrushki/nastolnye_igry/nastolnye_sportivnye_igry/khokkey/nastolnaya-igra-khokkey-novyy-sezon-76195/;https://www.korablik.ru/product/1851848/;нет
"Кукла Enchantimals с любимой зверюшкой в ассортименте DVH87 Mattel";http://tiptopkids.ru/catalog/igry_i_igrushki/kukly_i_aksessuary/enchantimals/kukla-mattel-enchantimals-s-lyubimoy-zveryushkoy-v-assortimente-dvh87/;https://nizhniy-novgorod.korablik.ru/product/1926710/;https://www.wildberries.ru/catalog/5923587/detail.aspx?targetUrl=ES;"520 руб.
"
"Игровой центр на колесах ""Elefantino"" на бат. веселое пианино, музык. телефон, доска для рисования";http://tiptopkids.ru/catalog/malysh_i_mama/mebel-dlya-detskoy-komnaty/khodunki_prygunki/igrovoy-tsentr-na-kolesakh-elefantino-na-bat-veseloe-pianino-muzyk-telefon-doska-dlya-risovaniya/;;https://www.wildberries.ru/catalog/5544135/detail.aspx?targetUrl=ES;"2 910 руб.
"
"Игровой набор PLAY-DOH ""Мистер Зубастик"" (новая версия) B5520 HASBRO";http://tiptopkids.ru/catalog/igry_i_igrushki/nabory_dlya_tvorchestva/lepka/play_doh/igrovoy_nabor_play_doh_mister_zubastik_novaya_versiya_b5520_hasbro/;https://nizhniy-novgorod.korablik.ru/product/1878878/;https://www.wildberries.ru/catalog/3040401/detail.aspx?targetUrl=ES;"1 790 руб.
"
"Игровой набор DohVinci ""Арт-Студия с мольбертом"" C0912 HASBRO";http://tiptopkids.ru/catalog/igry_i_igrushki/nabory_dlya_tvorchestva/lepka/play_doh/igrovoy-nabor-dohvinci-art-studiya-s-molbertom-c0912-hasbro/;;
"Модель Hot Wheels Базовые машинки в ассортименте 5785 Mattel";http://tiptopkids.ru/catalog/igry_i_igrushki/transport/hot_wheels/model_hot_wheels_bazovye_mashinki_v_assortimente_5785_mattel/;https://nizhniy-novgorod.korablik.ru/product/2261802/;https://www.wildberries.ru/catalog/5722954/detail.aspx?targetUrl=ES;"250 руб.
"
"Игра настольная Хоккей 3М/ОМЗЕТ 016 ТОПАЗ";http://tiptopkids.ru/catalog/igry_i_igrushki/nastolnye_igry/nastolnye_sportivnye_igry/khokkey/igra_khokkey_3m_omzet/;https://www.korablik.ru/product/2134969/;нет
"Кукольный коттедж ""Коллекция"" Огонек С-1292";http://tiptopkids.ru/catalog/igry_i_igrushki/kukly_i_aksessuary/aksessuary_dlya_kukol/kukolnye_doma/kukolnyy-kottedzh-kollektsiya-ogonek-s-1292/;нет;https://www.wildberries.ru/catalog/3786661/detail.aspx?targetUrl=ES;"
"
"Бластер NERF MODULUS Регулятор C1294EU4 HASBRO";http://tiptopkids.ru/catalog/igry_i_igrushki/oruzhie/nerf/blaster-nerf-modulus-regulyator-c1294eu4-hasbro/;;нет
"Интерактивная игрушка FURBY Темные цвета B7150 HASBRO";http://tiptopkids.ru/catalog/igry_i_igrushki/interaktivnye_igrushki/furby/interaktivnaya-igrushka-furby-temnye-tsveta-b7150-hasbro/;https://www.korablik.ru/product/2141335/;нет
"Кукла интерактивная Baby Born мальчик 43 см 822-012";http://tiptopkids.ru/catalog/igry_i_igrushki/kukly_i_aksessuary/baby_born/kukla-interaktivnaya-baby-born-malchik-43-sm-822-012/;https://www.korablik.ru/product/1889462/;https://www.wildberries.ru/catalog/3861666/detail.aspx?targetUrl=ES;"5 399 руб.
"
"Набор ""Доктор"" №9 Полесье 67937";http://tiptopkids.ru/catalog/igry_i_igrushki/igrovye_nabory_dlya_devochek/doktor/nabor-doktor-9-polese-67937/;;
"Кукла интерактивная Baby Born Зимняя пора, 43 см 825-273 Zapf Creation";http://tiptopkids.ru/catalog/igry_i_igrushki/kukly_i_aksessuary/baby_born/kukla-interaktivnaya-baby-born-zimnyaya-pora-43-sm-825-273-zapf-creation/;https://www.korablik.ru/product/2142100/;
"Бластер NERF Элит Рафкат 1691E24A HASBRO";http://tiptopkids.ru/catalog/igry_i_igrushki/oruzhie/nerf/blaster_nerf_elit_rafkat_1691e24a_hasbro/;https://www.korablik.ru/product/1714162/;https://www.wildberries.ru/catalog/4480658/detail.aspx?targetUrl=ES;"2 610 руб.
"
"Nika Мольберт М2Л/СФ растущий светофор";;;
"Интерактивная игрушка FURBY Яркие цвета B6083 HASBRO";http://tiptopkids.ru/catalog/igry_i_igrushki/interaktivnye_igrushki/furby/interaktivnaya-igrushka-furby-yarkie-tsveta-b6083-hasbro/;https://www.korablik.ru/product/2141326/;
"Набор PLAY-DOH ""Фабрика пирожных"" A0318 HASBRO";http://tiptopkids.ru/catalog/igry_i_igrushki/nabory_dlya_tvorchestva/lepka/play_doh/nabor_play_doh_fabrika_pirozhnykh_a0318_hasbro/;https://www.korablik.ru/search/?q=%D0%9D%D0%B0%D0%B1%D0%BE%D1%80+PLAY-DOH+%22%D0%A4%D0%B0%D0%B1%D1%80%D0%B8%D0%BA%D0%B0+%D0%BF%D0%B8%D1%80%D0%BE%D0%B6%D0%BD%D1%8B%D1%85%22+A0318+HASBRO;
"Игровой набор Enchantimals кукла со зверушкой и аксессуарами в ассортименте FCC62 Mattel";;;
"Игрушка-сюрприз ЛОЛ Декодер кукла-сестрёнка L.O.L 552147";;;
"Набор ""Доктор"" (в коробке) Полесье 36582";;;
"Интерактивная игрушка Hatchimals - пингвин - интерактивный питомец, вылупляющийся из яйца";;;
"Трансформер Т10379 Трансботы Боевой расчет цифры";;;
"Игровой набор Equestria Girls для мини-кукол в ассортименте B4910 HASBRO";;;
"Игровой набор Тир проекционный Джонни-Черепок с 2-мя бластерами 0669-2";;;
"Набор ""Мини-футбол ""Champions"" №1"" (красный) (в коробке) 67562 Полесье";;;
"Железная дорога РЖД ""Сапсан"" на батарейках со светом B1582231-R Играем вместе";;;
"Интерактивная игрушка Fisher Price Щенок ученый Smart Stages «Смейся и учись» CJV61 Mattel";;;
"Интерактивная игрушка Робо-змея RoboAlive красная Т10996";;;
"Паркинг ""ARAL"" 3-уровневый с дорогой (в коробке)";;;
"Набор ""Доктор №3"" (в чемоданчике) Полесье 56559";;;
"1 Тoy гибкий трек ""Мегаполис"" 258 дет, мост, ускорение,лифт, 2 машинки, 53x11x13 см";;;
"Кукольный коттедж ""Конфетти"" Огонек С-1330";;;
"Каталка-трактор ""Митя"" №3";;;
"Кукла ""Карапуз"" Сказочный патруль Алёнка 33см SP0117-A-RU";;;
"Каталка Джип 4х4 - №3 (голубой) Полесье";;;
"Кукла ""Карапуз"" Сказочный патруль Снежка 33см SP0117-S-RU";;;
"Конструктор LEGO City Police Погоня по грунтовой дороге 60172";;;
"Кукла Monster High ""Буникальные танцы"" с аксессуарами DNX32 Mattel";;;
"Машинка р/у на пульте управ. движ. во всех направ. М1:16, в/к 32*17,5*16 см.";;;
"Набор ""Механик-макси"" 43221 Полесье";;;
"Тягач р/у на аккум с заряд уст-вом, движ. во всех направ. свет. эффекты, в/к 60,5*17*21 см.";;;
"Стол 741У детский  Совтехстром";;;
"Игрушка Тир проекционный 3D Джонни-Черепок  с 1 бластером, 3053";;;
"Аксессуары для кукол Barbie Одежда для Кена в ассортименте CFY02 Mattel";;;
"Арбалет NERF Zombiestrike B9093 HASBRO";;;
"Бластер NERF ACCUSTRIKE Альфахок B7784 HASBRO";;;
"Бластер NERF MEGA Даблбрич B9789 HASBRO";;;
"Бластер NERF MEGA Циклон-шок A9353 HASBRO";;;
"Бластер NERF MODULUS Регулятор C1294EU4 HASBRO";;;
"Бластер NERF REBELLE ""Розовое сумасшествие"" A4739 HASBRO";;;
"Бластер NERF REBELLE ""Сладкая парочка"" (2 в уп.) A4807E27 HASBRO";;;
"Бластер NERF REBELLE Диамант ""Секреты и Шпионы"" A8496 HASBRO";;;
"Бластер NERF STAR WARS малый Бойца вселенной B7764 HASBRO";;;
"Бластер NERF МЕГА Лёгкий Лук A6276 HASBRO";;;
"Бластер NERF мини REBELLE в ассортименте A6925 HASBRO";;;
"Бластер Nerf Ребель мини чарм B4036E Hasbro";;;
"Бластер NERF Элит Глоушот В4615 HASBRO";;;
"Бластер NERF Элит Дисруптор B9837 HASBRO";;;
"Бластер NERF Элит Разрушитель A8494 HASBRO";;;
"Бластер NERF Элит Ракетница A9604EU4 HASBRO";;;
"Бластер NERF Элит Рафкат 1691E24A HASBRO";;;
"Бластер NERF Элит Триад 1690E24A HASBRO";;;
"Бластер NERF Элит Файрстрайк 53378983 HASBRO";;;
"Бластер NERF Элит Хайперфайр B5573 HASBRO";;;
"Брелок GT7738 Rarity 12см на листе HASBRO";;;
"Брелок GT7750 кошелек, My Little Pony 11cм TM HASBRO";;;
"Водяной Бластер NERF Супер Соакер Арбалет A4836E24 HASBRO";;;
"Водяной Бластер NERF Супер Соакер Шквал A4841E24 HASBRO";;;
"Зверушка GT6654 Пенни 20см HASBRO";;;
"Зверушка GT6656 Зое 21см HASBRO";;;
"Зверюшка Littlest Pet Shop в ассортименте A8228 Hasbro";;;
"Зверюшка LITTLEST PET SHOP в закрытой упаковке A8240 HASBRO";;;
"Зверюшка LITTLEST PET SHOP Осьминожка с волшебным механизмом и аксессуарами A5127E24 HASBRO";;;
"Игра DISNEY FROZEN Операция ""Холодное сердце"" B4504121 HASBRO";;;
"Игра Games Дорожная игра Морской бой B0995 HASBRO";;;
"Игра Games Скрэббл (Классический) Y9618 Mattel";;;
"Игра Games Скрэббл Джуниор Y9736 Mattel";;;
"Игра Games Скрэббл Твист Y9121 Mattel";;;
"Игра Hasbro Games Акулья Охота 33893 HASBRO";;;
"Игра Hasbro Games Мое первое Клуэдо ""Дело о пропавшем торте"" B0335 HASBRO";;;
"Игра OTHER GAMES  Фантастик-Гимнастик C0376 HASBRO";;;
"Игра OTHER GAMES ""Twister"" 98831121 HASBRO";;;
"Игра OTHER GAMES ""Крокодильчик Дантист"" B0408 HASBRO";;;
"Игра OTHER GAMES ""Операция"" А4053121 HASBRO";;;
"Игра OTHER GAMES ""Слоник Элефан"" В7714 HASBRO";;;
"Игра OTHER GAMES ""Табу"" А4626121 HASBRO";;;
"Игра OTHER GAMES Play-Doh A8752121 HASBRO";;;
"Игра OTHER GAMES Twister Rave Скип ит А2037E24 HASBRO";;;
"Игра OTHER GAMES Дженга ""Квейк"" A5405 HASBRO";;;
"Игра OTHER GAMES Дженга 2120E24A HASBRO";;;
"Игра OTHER GAMES Дорожная ""Голодные бегемотики"" B1001 HASBRO";;;
"Игра OTHER GAMES Моя первая Игра в жизнь B0654 HASBRO";;;
"Игра OTHER GAMES Озорная Чики 2043121А HASBRO";;;
"Игра OTHER GAMES Операция (обновленная) B2176 HASBRO";;;
"Игра OTHER GAMES Пирог в лицо (2 участника) C0193 Hasbro";;;
"Игра OTHER GAMES семейная Тривиал Персьюит 730131210 HASBRO";;;
"Игра OTHER GAMES Скажи,если сможешь C2018 HASBRO";;;
"Игра OTHER GAMES Сюрприз Пинки Пай B2222EU4 HASBRO";;;
"Игра настольная Games ""Stack a Mole"" BFV27 Mattel";;;
"Игра настольная Hasbro Games Пирог в лицо В7063 HASBRO";;;
"Игра настольная Mattel Games ""Беги, поросенок, беги!"" Y2552 Mattel";;;
"Игра настольная Mattel Games ""Боунс Сиквенс"" CBJ83 Mattel";;;
"Игра настольная Mattel Games ""Летающие лягушки"" M5754 Mattel";;;
"Игра настольная Mattel Games ""Обезьянки"" BMM39 Mattel";;;
"Игра настольная MONOPOLY Классическая 00009 HASBRO";;;
"Игра настольная OTHER GAMES ""Игра в жизнь"" 4000 HASBRO";;;
"Игра настольная OTHER GAMES Дженга Голд B7430 HASBRO";;;
"Игровой набор Avengers (Мстители) Штаб-Квартира мстителей B1402 HASBRO";;;
"Игровой набор Disney Princess Кукла Эльза в наборе с катком и другими аксессуарами DFR88пц Mattel";;;
"Игровой набор Disney Princess Спальня для Золушки CDC47пц Mattel";;;
"Игровой набор Disney Princess Холодное Сердце 310630 HASBRO";;;
"Игровой набор DohVinci ""Арт-Студия с мольбертом"" C0912 HASBRO";;;
"Игровой набор DohVinci ""Арт-трафареты Давинчи"" в ассотрименте C0913 HASBRO";;;
"Игровой набор DohVinci ""Дэлюкс Стайлер Давинчи"" в ассортименте B8956 HASBRO";;;
"Игровой набор DohVinci ""Подвесные украшения"" в ассортименте C0730 HASBRO";;;
"Игровой набор DohVinci ""Стикеры Давинчи"" в ассортименте B8954 HASBRO";;;
"Игровой набор DohVinci ""Украшение для стены"" в ассортименте C0911 HASBRO";;;
"Игровой набор Enchantimals ""Веселая пекарня"" FJJ28 Mattel";;;
"Игровой набор Enchantimals кукла со зверушкой и аксессуарами в ассортименте FCC62 Mattel";;;
"Игровой набор Enchantimals Кукла со зверюшкой и транспортным средством в ассортименте Mattel";;;
"Игровой набор Enchantimals Лесной замок FNM92 Mattel";;;
"Игровой набор Equestria Girls для мини-кукол в ассортименте B4910 HASBRO";;;
"Игровой набор Fisher Price Шимер и Шайн - Волшебная лодочка для джинников DTK86 Mattel";;;
"Игровой набор Hot Wheels ""Star Wars"" Базовый для машинок CGN44 Mattel";;;
"Игровой набор Hot Wheels ""Автомойка/Гараж"" в ассортименте. X9295 Mattel";;;
"Игровой набор Hot Wheels ""Взрывной"" конструктор трасс DWW96 Mattel";;;
"Игровой набор Hot Wheels конструктор трасс, стартовый DWW95 Mattel";;;
"Игровой набор Hot Wheels трансформирующийся в ассортименте DWK99 Mattel";;;
"Игровой набор LITTLEST PET SHOP ""Городские сценки"" в ассортименте B5565 HASBRO";;;
"Игровой набор LITTLEST PET SHOP ""Зоомагазин"" B5478 HASBRO";;;
"Игровой набор LITTLEST PET SHOP Зверюшка в ассортименте B9388 HASBRO";;;
"Игровой набор Littlest Pet Shop Игровой набор ""Кафе"" B5479 HASBRO";;;
"Игровой набор LITTLEST PET SHOP Стильный мини-магазинчик сладостей A7641 HASBRO";;;
"Игровой набор LITTLEST PET SHOP Стильный подиум для показа мод A7942 HASBRO";;;
"Игровой набор LITTLEST PET SHOP Укрась зверюшку в ассортименте B0033 HASBRO";;;
"Игровой набор Mattel Barbie ""Дом мечты"" DVV47";;;
"Игровой набор Monster High ""Стильная прическа Фрэнки"" FDT57 Mattel";;;
"Игровой набор MY LITTLE PONY ""Бутик Рарити"" B1372 HASBRO";;;
"Игровой набор MY LITTLE PONY ""Мерцание"" волшебные пони в ассортименте C0680 HASBRO";;;
"Игровой набор MY LITTLE PONY ""Мерцание"" пони-подружки с аксессуарами C0719 HASBRO";;;
"Игровой набор MY LITTLE PONY ""Мерцание"" поющая пони C0684 HASBRO";;;
"Игровой набор MY LITTLE PONY ""Поезд Дружбы"" B5363 HASBRO";;;
"Игровой набор MY LITTLE PONY ""Понивилль"" B1371EU4 HASBRO";;;
"Игровой набор MY LITTLE PONY ""Сахарный дворец"" коллекционный B3594 HASBRO";;;
"Игровой набор MY LITTLE PONY ""Сияние"" Магия дружбы C0720 HASBRO";;;
"Игровой набор MY LITTLE PONY ""Сияние"" с аксессуарами C0721 HASBRO";;;
"Игровой набор MY LITTLE PONY ""Создай свою пони"" в ассорт. B3593 HASBRO";;;
"Игровой набор MY LITTLE PONY ""Создай свою пони"" стильные в ассортименте B3589 HASBRO";;;
"Игровой набор MY LITTLE PONY Equestria Girls мини-кукла с аксессуарами (в ассорт.) B4909 HASBRO";;;
"Игровой набор MY LITTLE PONY Equestria Girls Рок-концерт Пинки Пай A8060TBC/A8060 HASBRO";;;
"Игровой набор MY LITTLE PONY Замок ""Мерцание"" C1058 HASBRO";;;
"Игровой набор MY LITTLE PONY Замок ""Мерцание""игровой набор 75см C1057 HASBRO";;;
"Игровой набор MY LITTLE PONY На ферме ""Яблочная Аллея"" в ассорт. B2072EU4 HASBRO";;;
"Игровой набор MY LITTLE PONY Пони ""Мерцание"" в трансформируемом платье C0681 HASBRO";;;
"Игровой набор MY LITTLE PONY Пряничный домик A8203TBC HASBRO";;;
"Игровой набор MY LITTLE PONY Твайлайт Спаркл и Спайк поющие C0718 HASBRO";;;
"Игровой набор MY LITTLE PONY Школа Кантерлот B1781 HASBRO";;;
"Игровой набор PLAY-DOH ""Веселое Сафари"" B1168 HASBRO";;;
"Игровой набор PLAY-DOH ""Волшебная карета Золушки"" A6070E24 HASBRO";;;
"Игровой набор PLAY-DOH ""Магазинчик домашних питомцев"" B3418 HASBRO";;;
"Игровой набор PLAY-DOH ""Мистер Зубастик"" (новая версия) B5520 HASBRO";;;
"Игровой набор PLAY-DOH ""Пицца"" B1856 HASBRO";;;
"Игровой набор PLAY-DOH ""Пожарная машина"" B3416 HASBRO";;;
"Игровой набор PLAY-DOH ""Пожарная станция"" B3415 HASBRO";;;
"Игровой набор PLAY-DOH ""Праздничный торт"" A7401 HASBRO";;;
"Игровой набор PLAY-DOH ""Сумасшедшие прически"" B1155 HASBRO";;;
"Игровой набор PLAY-DOH ""Транспортные средства"" в ассортименте B5959 HASBRO";;;
"Игровой набор PLAY-DOH ""Туалетный столик Рарити"" B3400 HASBRO";;;
"Игровой набор PLAY-DOH ""Тысячелетний Сокол"" B0002EU4 HASBRO";;;
"Игровой набор PLAY-DOH ""Фигурки"" В5960 HASBRO";;;
"Игровой набор PLAY-DOH ""Холодное Сердце"" B1860 HASBRO";;;
"Игровой набор PLAY-DOH ""Чудесный замок Авроры"" A6881 HASBRO";;;
"Игровой набор PLAY-DOH пластилина из 3 цветов A3357 HASBRO";;;
"Игровой набор PLAY-DOH Чудо печь B9740 HASBRO";;;
"Игровой набор PLAYSKOOL ""Львица со львенком"" 39973148 HASBRO";;;
"Игровой набор PLAYSKOOL динозавры Мира Юрского Периода в ассорт. B0531 HASBRO";;;
"Игровой набор SOFIA THE FIRST Bолшебная королевская карета Y6652 Mattel";;;
"Игровой набор SOFIA THE FIRST В подводном мире CHM54 Mattel";;;
"Игровой набор SOFIA THE FIRST Королевский бал CCW97 Mattel";;;
"Игровой набор SOFIA THE FIRST Танцующие сестры Y6644 Mattel";;;
"Игровой набор Trolls 4 героя B6557 HASBRO";;;
"Игровой набор Trolls тролли с аксессуарами в ассорт. B6556 HASBRO";;;
"Игровой набор"" ""Звездные войны""Hot Wheels CHB13 Mattel";;;
"Игрушка Avengers боевая броня Железного Человека B5785 HASBRO";;;
"Игрушка Fisher Price ""Смейся и учись"" Фонарик обучающий BCD63 Mattel";;;
"Игрушка Fisher Price Для купания Веселые друзья BFH74 Mattel";;;
"Игрушка Fisher Price Ключики Считай и познавай Y4294 Mattel";;;
"Игрушка Fisher Price Обезьянки для крепления к коляске BHW59 Mattel";;;
"Игрушка Fisher Price Панель игровая Растем вместе Y6588 Mattel";;;
"Игрушка Fisher Price Тигр интерактивный озвученный CBN63 Mattel";;;
"Игрушка Fisher Price Фонарик ""Дружок"" R8031 Mattel";;;
"Игрушка Fisher Price Черепашка - цвета и формы B0336 Mattel";;;
"Игрушка HASBRO Hanazuki Браслет Сверкающее настроение B8256";;;
"Игрушка Jack Neverland Pirates Фигурка большая с аксессуарами в ассортименте BDH88 Mattel";;;
"Игрушка LPS радужная колллекция 2 радужных пета C0794 Hasbro";;;
"Игрушка MY LITTLE PONY Пластизоль Эпл Джек со светом и звуком GT8615 HASBRO";;;
"Игрушка MY LITTLE PONY Пони в пакетике (в ассорт.) A8330 HASBRO";;;
"Игрушка MY LITTLE PONY Пони с волшебными картинками в ассорт. B5361 HASBRO";;;
"Игрушка My Little Pony Пони с разными прическами в ассорт. B3603 Hasbro";;;
"Игрушка My Little Pony Создай свою пони в ассорт. B3592 HASBRO";;;
"Игрушка PLAYSKOOL Веселый Гараж B1649 HASBRO";;;
"Игрушка PLAYSKOOL Веселый Слоник B2263EU4 HASBRO";;;
"Игрушка PLAYSKOOL грузовичок ""Сложи и кати, возьми с собой"" B4533 HASBRO";;;
"Игрушка PLAYSKOOL Зверюшки-Неваляшки B1913 HASBRO";;;
"Игрушка PLAYSKOOL Развивающая ""Озорная обезьянка"" A7390E24 HASBRO";;;
"Игрушка STAR WARS Корабль космический 9,5 см Класс I B3716 HASBRO";;;
"Игрушка STAR WARS Корабль космический 9,5 см Класс II  B3672 HASBRO";;;
"Игрушка STAR WARS Титаны ""Герои Звездных войн"" B3908 HASBRO";;;
"Игрушка Thomas&Friends Preschool Паровозик в ассорт. W2190 Mattel";;;
"Игрушка Thomas&Friends Preschool Паровозик для ванной V9078 Mattel";;;
"Игрушка Thomas&Friends Трекмастер Паровозик в ассорт. BMK88 Mattel";;;
"Игрушка Thomas&Friends Трекмастер Паровозик с мотором в ассортименте CKW29 Mattel";;;
"Игрушка Подружки в асорт.";;;
"Игрушка Поющие Зверята в ассортименте C2173 HASBRO";;;
"Игрушка-перчатки JURASSIC WORLD Велоцераптор Когти хищника B1751 HASBRO";;;
"Интерактивная игрушка Fisher Price обучающая БиБель FBC98 Mattel";;;
"Интерактивная игрушка Fisher Price Щенок ученый Smart Stages «Смейся и учись» CJV61 Mattel";;;
"Интерактивная игрушка Fisher-Price Обучающий глобус DRJ90 Mattel";;;
"Интерактивная игрушка Fisher-Price Обучающий хамелеон FCH23 Mattel";;;
"Интерактивная игрушка Furblings Мини B0492 Hasbro";;;
"Интерактивная игрушка FURBY Темные цвета B7150 HASBRO";;;
"Интерактивная игрушка FURBY Яркие цвета B6083 HASBRO";;;
"Интерактивная игрушка Furreal friends Говорящий щенок B9070 Hasbro";;;
"Интерактивная игрушка FURREAL FRIENDS Игривый котенок Дейзи 2003E35A HASBRO";;;
"Интерактивная игрушка FURREAL FRIENDS Кролик пушистый друг интерактивный C0733 HASBRO";;;
"Интерактивная игрушка FURREAL FRIENDS медвежонок полярный B9073EU4 HASBRO";;;
"Интерактивная игрушка FURREAL FRIENDS Мой малыш медвежонок B2966 HASBRO";;;
"Интерактивная игрушка FURREAL FRIENDS Пушистый Друг в ассортименте B9062EU41 HASBRO";;;
"Интерактивная игрушка FURREAL FRIENDS Ходячие ласковые зверята Пони A2011 HASBRO";;;
"Каталка PLAYSKOOL ""Слоник"" A2877E24 HASBRO";;;
"Комплект C0163 NERF ACCUSTRIKE 24 стрелы HASBRO";;;
"Комплект NERF ACCUSTRIKE 12 стрел С0162 HASBRO";;;
"Комплект NERF ZOMBIESTRIKE из 30 стрел для бластеров A4570E35 HASBRO";;;
"Конструктор KRE-O СитиВиль Тематические мини-наборы (в ассорт) A5855E24 HASBRO";;;
"Конструктор LEGO ""Эльфы""-Ловушка для Азари и огненного льва 41129 ";;;
"Конструктор LEGO City «Джунгли» набор для начинающих 60157";;;
"Конструктор LEGO City Great Vehicles Рыболовный катер 60147";;;
"Конструктор LEGO City Mining Трактор для горных работ 60185";;;
"Конструктор LEGO City Police Погоня в горах 60173";;;
"Конструктор LEGO City Police Погоня по горной реке 60176";;;
"Конструктор LEGO City Police Полицейский участок в горах 60174";;;
"Конструктор LEGO City Town Городская площадь 60097";;;
"Конструктор LEGO City Авиашоу 60103";;;
"Конструктор LEGO City Автомобиль гоночный 60178";;;
"Конструктор LEGO City Арктическая экспедиция Полярные исследователи 60191";;;
"Конструктор LEGO City Арктическая экспедиция. Арктический вертолёт.";;;
"Конструктор LEGO City Арктическая экспедиция. Грузовик ледовой разведки.";;;
"Конструктор LEGO City Арктическая экспедиция.Арктический вездеход 60192";;;
"Конструктор LEGO City Арктическая экспедиция.Аэросани.";;;
"Конструктор LEGO City Бригада шахтеров 60184";;;
"Конструктор LEGO City Вездеход исследователей вулканов 60122";;;
"Конструктор LEGO City Гоночный самолёт 60144 ";;;
"Конструктор LEGO City Город Грузовой терминал 60169";;;
"Конструктор LEGO City Город Передвижная лаборатория в джунглях 60160";;;
"Конструктор LEGO City Город Сверхмощный спасательный вертолёт 60166";;;
"Конструктор LEGO City Любители активного отдыха 60202";;;
"Конструктор LEGO City Миссия ""Исследование джунглей"" 60159";;;
"Конструктор LEGO City Мобильный командный центр 60139";;;
"Конструктор LEGO City Монстр-трак 60180";;;
"Конструктор LEGO City Набор для начинающих Аэропорт 60100 ";;;
"Конструктор LEGO City Отдых на пляже - жители 60153";;;
"Конструктор LEGO City Перевозчик вертолета 60183 ";;;
"Конструктор LEGO City Перекресток 7280";;;
"Конструктор LEGO City Пожарная команда быстрого реагирования 60108";;;
"Конструктор LEGO City Самолет реактивный 60177";;;
"Конструктор LEGO City Спасательный самолет береговая охрана 60164";;;
"Конструктор LEGO City Т-образная развязка 7281";;;
"Конструктор LEGO City Тяжелый бур для горных работ Mining 60186";;;
"Конструктор LEGO Classic Набор для творчества зеленый 10708";;;
"Конструктор LEGO Classic Набор для творчества красный 10707";;;
"Конструктор LEGO Classic Набор для творчества оранжевый 10709";;;
"Конструктор LEGO Classic Набор для творчества синий 10706";;;
"Конструктор LEGO Creator Зимние каникулы (модульная) 31080";;;
"Конструктор LEGO Creator Машина гоночная красная 31055 ";;;
"Конструктор LEGO Creator Мобильное шоу 31085";;;
"Конструктор LEGO Creator Модульная сборка: приятные сюрпризы 31077";;;
"Конструктор LEGO Creator Морские приключения 31083";;;
"Конструктор LEGO Creator Пилотажная группа 31060";;;
"Конструктор LEGO Creator Реактивный самолет 31042";;;
"Конструктор LEGO Creator Современный дом 31068";;;
"Конструктор LEGO Disney Princess Королевские питомцы: Жемчужинка 41069 ";;;
"Конструктор LEGO Disney Princess Кухня Ягодки 41143";;;
"Конструктор LEGO Disney Princess Лучший день Рапунцель 41065 ";;;
"Конструктор LEGO Disney Princess Приключения Моаны на затерянном острове 41149 ";;;
"Конструктор LEGO Disney Princess Сказочный вечер Золушки 41146 LEGO";;;
"Конструктор LEGO DUPLO Town Новый год 10837";;;
"Конструктор LEGO DUPLO Town Тигр 10839";;;
"Конструктор LEGO DUPLO Большая стройплощадка 10813 ";;;
"Конструктор LEGO DUPLO Веселый пикник 10566";;;
"Конструктор LEGO DUPLO Городская площадь 10836 ";;;
"Конструктор LEGO DUPLO День рождения 10832";;;
"Конструктор LEGO DUPLO Детский сад 10833";;;
"Конструктор LEGO DUPLO Домашние животные 10838";;;
"Конструктор LEGO DUPLO Домик на пляже 10827 ";;;
"Конструктор LEGO DUPLO Конюшня на ферме Town 10868";;;
"Конструктор LEGO DUPLO Лучшие друзья: курочка и кролик 10571";;;
"Конструктор LEGO DUPLO Мои первые пирожные 10850";;;
"Конструктор LEGO DUPLO Мои первые эмоции 10861";;;
"Конструктор LEGO DUPLO Мой первый автобус 10603 ";;;
"Конструктор LEGO DUPLO Мой первый парад животных 10863";;;
"Конструктор LEGO DUPLO Моя первая божья коровка 10859";;;
"Конструктор LEGO DUPLO Моя первая карусель 10845";;;
"Конструктор LEGO DUPLO Пиццерия 10834 ";;;
"Конструктор LEGO DUPLO Поезд на паровой тяге 10874";;;
"Конструктор LEGO DUPLO Поезд Считай и играй 10847 ";;;
"Конструктор LEGO DUPLO Самолеты Воздушная гонка Рипслингера 10510 ";;;
"Конструктор LEGO DUPLO Семейный дом 10835";;;
"Конструктор LEGO DUPLO Семейный парк аттракционов 10841";;;
"Конструктор LEGO DUPLO Строительная пластина (38х38) 2304 ";;;
"Конструктор LEGO DUPLO Телёнок 10521";;;
"Конструктор LEGO DUPLO Уточки в лесу 10581 ";;;
"Конструктор LEGO DUPLO Фермерский рынок Town 10867";;;
"Конструктор LEGO Elves Засада Наиды и водяной черепахи 41191";;;
"Конструктор LEGO Elves Лавовая пещера дракона огня 41175";;;
"Конструктор LEGO Elves Побег Азари из леса гоблинов 41186";;;
"Конструктор LEGO Elves Побег из деревни гоблинов 41185";;;
"Конструктор LEGO Elves Побег из крепости Короля гоблинов 41188";;;
"Конструктор LEGO Elves Погоня за амулетом 41184";;;
"Конструктор LEGO Elves Похищение Софи Джонс 41182";;;
"Конструктор LEGO Elves Тайная лечебница Розалин 41187";;;
"Конструктор Lego Friends ""Комната Эммы"" 41342 ";;;
"Конструктор LEGO Friends ""Саншайн"" 41317";;;
"Конструктор LEGO Friends Арт-кафе Эммы 41336";;;
"Конструктор LEGO Friends Воздушный шар 41097 ";;;
"Конструктор LEGO Friends Горнолыжный курорт: внедорожник 41321";;;
"Конструктор LEGO Friends Горнолыжный курорт: каток 41322";;;
"Конструктор LEGO Friends Горнолыжный курорт: подъёмник 41324";;;
"Конструктор LEGO Friends Грузовик техобслуживания 41348";;;
"Конструктор LEGO Friends Комната Андреа 41341 ";;;
"Конструктор LEGO Friends Магазин аксессуаров Андреа 41344";;;
"Конструктор LEGO Friends Мастерская по тюнингу автомобилей 41351";;;
"Конструктор LEGO Friends Музыкальный дуэт Андреа 41309";;;
"Конструктор LEGO Friends Парк развлечений: фургон с хот-догами 41129 ";;;
"Конструктор LEGO Friends Передвижная научная лаборатория Оливии 41333";;;
"Конструктор LEGO Friends Передвижной ресторан 41349";;;
"Конструктор LEGO Friends Поп-звезда: Караоке 561509 ";;;
"Конструктор LEGO Friends Салон для жеребят 41123";;;
"Конструктор LEGO Friends Сделай варенье 561506 ";;;
"Конструктор LEGO Friends Сёрф-станция 41315";;;
"Конструктор LEGO Friends Спортивный центр 41312 ";;;
"Конструктор LEGO Friends Творческая лаборатория Оливии 41307";;;
"Конструктор LEGO Friends Футбольная тренировка Стефани 41330";;;
"Конструктор LEGO Juniors - Тачки 3: Гараж Смоуки 10743";;;
"Конструктор LEGO Juniors Гонка ""Сумасшедшая восьмерка"" 10744";;;
"Конструктор LEGO Juniors Гоночный тренажёр Крус Рамирес 10731";;;
"Конструктор LEGO Juniors Грузовик дорожной службы 10750";;;
"Конструктор LEGO Juniors Затерянный храм 10725";;;
"Конструктор LEGO Juniors Карета Стефани 10726";;;
"Конструктор LEGO Juniors Пит-стоп Гвидо и Луиджи 10732";;;
"Конструктор LEGO Juniors Погоня на полицейском грузовике 10735";;;
"Конструктор LEGO Juniors Пожарная машина 10671 ";;;
"Конструктор LEGO Juniors Рынок органических продуктов 10749";;;
"Конструктор LEGO Juniors Семейный домик 10686";;;
"Конструктор LEGO Juniors Финальная гонка «Флорида 500» 10745";;;
"Конструктор LEGO Minifigures серия 15 71011 ";;;
"Конструктор LEGO Movie Минифигура фильм Batman, серия 2 71020";;;
"Конструктор LEGO Nexo Knights Аэро-арбалет Аарона 72005";;;
"Конструктор LEGO Nexo Knights Аэроарбалет Аарона 70320";;;
"Конструктор LEGO Nexo Knights Башенный тягач Акселя 70322 ";;;
"Конструктор LEGO Nexo Knights Боевая машина близнецов 72002";;;
"Конструктор LEGO Nexo Knights Боевые доспехи Аарона 70364";;;
"Конструктор LEGO Nexo Knights Боевые доспехи Ланса 70366";;;
"Конструктор LEGO Nexo Knights Боевые доспехи Мэйси 70363";;;
"Конструктор LEGO Nexo Knights Бур-машина Акселя 70354";;;
"Конструктор LEGO Nexo Knights Вездеход Аарона 70355";;;
"Конструктор LEGO Nexo Knights Комбо Силы 2 70372";;;
"Конструктор LEGO Nexo Knights Комбо Силы(1) 70372";;;
"Конструктор LEGO Nexo Knights Лавария– Абсолютная сила 70335 ";;;
"Конструктор LEGO Nexo Knights Летающая Горгулья 70353";;;
"Конструктор LEGO Nexo Knights Летающая турнирная машина Ланса 72001";;;
"Конструктор LEGO Nexo Knights Молниеносная машина Мэйси 70319";;;
"Конструктор LEGO Nexo Knights Решающая битва роботов 72004";;;
"Конструктор LEGO Nexo Knights Самолёт-истребитель Сокол Клэя 70351";;;
"Конструктор LEGO Ninjago Бомбардировщик ""Морской дьявол"" 70609";;;
"Конструктор LEGO Ninjago Вестник бури 70652 ";;;
"Конструктор LEGO Ninjago Водяной Робот 70611";;;
"Конструктор LEGO Ninjago Джей - мастер Кружитцу 70635";;;
"Конструктор LEGO Ninjago Джей Мастер дракона 70646";;;
"Конструктор LEGO Ninjago Зейн. Мастер дракона 70648";;;
"Конструктор LEGO Ninjago Катана V11 70638";;;
"Конструктор LEGO NINJAGO Киллоу против Самурая Икс 70642";;;
"Конструктор LEGO Ninjago Коул - Мастер Кружитцу 70637";;;
"Конструктор LEGO Ninjago Коул. Мастер дракона 70645";;;
"Конструктор LEGO Ninjago Крыло судьбы 70650";;;
"Конструктор LEGO Ninjago Механический Дракон Зелёного Ниндзя 70612";;;
"Конструктор LEGO Ninjago Нападение пираньи 70629";;;
"Конструктор LEGO Ninjago Ния - Мастер Кружитцу 70634";;;
"Конструктор LEGO Ninjago Ночной вездеход ниндзя 70641 ";;;
"Конструктор LEGO Ninjago Ограбление киоска в НИНДЗЯГО Сити 70607";;;
"Конструктор LEGO Ninjago Остров тигриных вдов 70604 ";;;
"Конструктор LEGO Ninjago Первый страж 70653";;;
"Конструктор LEGO Ninjago Решающий бой в тронном зале 70651";;;
"Конструктор LEGO Ninjago Самолёт-молния Джея 70614";;;
"Конструктор Lego Ninjago Стремительный странник 70654";;;
"Конструктор LEGO NINJAGO Штаб-квартира Сынов Гармадона 70640";;;
"Конструктор LEGO Star Wars Constraction Командир штурмовиков 75531";;;
"Конструктор LEGO Star Wars Constraction Штурмовик-разведчик на спидере 75532";;;
"Конструктор LEGO Star Wars K-2SO™ 75120 ";;;
"Конструктор LEGO Star Wars TM Турботанк Клонов™75151";;;
"Конструктор LEGO Star Wars TM Шагающий штурмовой вездеход AT-TE капитана Рекса 75157";;;
"Конструктор LEGO Star Wars Боба Фетт 75533";;;
"Конструктор LEGO Star Wars Боевой набор Первого Ордена 75132 ";;;
"Конструктор LEGO Star Wars Боевой набор планеты Татуин 75198";;;
"Конструктор LEGO Star Wars Боевой набор специалистов Первого Ордена 75197";;;
"Конструктор LEGO Star Wars Бой пехотинцев Первого Ордена против спидера на лыжах 75195";;;
"Конструктор LEGO Star Wars Бэйз Мальбус 75525 ";;;
"Конструктор LEGO Star Wars Дарт Вейдер 75534";;;
"Конструктор LEGO Star Wars Дарт Мол 75537 ";;;
"Конструктор LEGO Star Wars Звёздный истребитель Йоды 75168";;;
"Конструктор LEGO Star Wars Звездный Мусорщик 75147";;;
"Конструктор LEGO Star Wars Исследователь I 75185";;;
"Конструктор LEGO Star Wars Истребитель По 75102";;;
"Конструктор LEGO Star Wars Истребитель типа А против бесшумного истребителя СИД 75196";;;
"Конструктор LEGO Star Wars Кайло Рен 75117 ";;;
"Конструктор LEGO Star Wars Квадджампер Джакку 75178";;;
"Конструктор LEGO Star Wars Микроистребитель Имперский шаттл Кренника™ 75163 ";;;
"Конструктор LEGO Star Wars Микроистребитель типа U™ 75160 ";;;
"Конструктор LEGO Star Wars Микроистребитель типа Y™ 75162 ";;;
"Конструктор LEGO Star Wars Микроистребитель-штурмовик TIE™ 75161 ";;;
"Конструктор LEGO Star Wars Микрофайтер ""Истребитель СИД Первого Ордена"" 75194";;;
"Конструктор LEGO Star Wars Микрофайтер «Сокол Тысячелетия» 75193";;;
"Конструктор LEGO Star Wars Нападение на Хот™ 75138";;;
"Конструктор LEGO Star Wars Побег Рафтара 75180";;;
"Конструктор LEGO STAR WARS Рей 75528";;;
"Конструктор LEGO Star Wars Снежный спидер Первого Ордена 75126 ";;;
"Конструктор LEGO Star Wars Спасательная капсула дроидов™ 75136";;;
"Конструктор LEGO Star Wars Спидер Первого ордена 75166";;;
"Конструктор LEGO Star Wars Спидер Рей (Rey's Speeder™) 75099 ";;;
"Конструктор LEGO Star Wars Транспортный корабль сопротивления 75176";;;
"Конструктор LEGO Star Wars Тренировки на островах Эч-То 75200";;;
"Конструктор LEGO Star Wars Тяжелый разведывательный шагоход Первого Ордена 75177";;;
"Конструктор LEGO Star Wars Усовершенствованный прототип истребителя TIE™  75128 ";;;
"Конструктор LEGO Star Wars Финн 75116";;;
"Конструктор LEGO Star Wars Элитный преторианский страж Constraction 75529 LEGO";;;
"Конструктор LEGO Super Heroes Girls Дом Харли Квинн 41236";;;
"Конструктор LEGO Super Heroes Girls Дом Чудо-женщины 41235";;;
"Конструктор LEGO Super Heroes Girls Фабрика Криптомитов Лены Лютор 41238";;;
"Конструктор LEGO Super Heroes Girls Харли Квинн™ спешит на помощь 41231";;;
"Конструктор LEGO Super Heroes Бэтмен™:убийца Крок 76055";;;
"Конструктор LEGO Super Heroes Воздушная погоня Капитана Америка 76076";;;
"Конструктор LEGO Super Heroes Железный человек против Таноса 76072";;;
"Конструктор LEGO Super Heroes Милано против Абилиска 76081";;;
"Конструктор LEGO Super Heroes Решающая битва за Асгард 76084";;;
"Конструктор LEGO Super Heroes Робин против Бэйна 76062 ";;;
"Конструктор LEGO Super Heroes Росомаха против Магнето 76073";;;
"Конструктор LEGO Super Heroes Тор против Локи 76091";;;
"Конструктор LEGO Super Heroes Тор против Халка: Бой на арене 76088";;;
"Конструктор LEGO Super Heroes Человек-паук против Песочного человека 76089";;;
"Конструктор LEGO Technic Class Xerion 5000 Trac Vc 42054";;;
"Конструктор LEGO Technic Бульдозер 42071";;;
"Конструктор LEGO Technic Гоночная яхта 2 в 1 42074";;;
"Конструктор LEGO Technic Грузовик трюковой 42059";;;
"Конструктор LEGO Technic Зеленый гоночный автомобиль 42072";;;
"Конструктор LEGO Technic Контейнерный терминал 42062";;;
"Конструктор LEGO Technic Мотоцикл для трюков 42058";;;
"Конструктор LEGO Technic Набор с мотором Power Functions 8293 ";;;
"Конструктор LEGO Technic Сверхмощный вилочный погрузчик 42079";;;
"Конструктор Mega Bloks Крэнг и черепашки ниндзя в ассортименте DMW32 Mattel";;;
"Конструктор Mega Bloks Черепашки ниндзя Схватка в логове черепашек DMX12 Mattel";;;
"Конструктор Mega Construx Черепашки Ниндзя: большой набор деталей DYT38 Mattel";;;
"Конструктор TRANSFORMERS 4 Констракт-Боты:Войны A6149E24 HASBRO";;;
"Конструктор TRANSFORMERS 4 Констракт-Боты:Герой A6146 HASBRO";;;
"Конструктор TRANSFORMERS 4 Констракт-Боты:Дино A6148E24 HASBRO";;;
"Кроватка My Little Pony для кукол GT8662 HASBRO";;;
"Кроватка MY LITTLE PONY Качалка металлическая с балдахином GT8663 HASBRO";;;
"Кроватка MY LITTLE PONY металлическая с балдахином на колесах GT8664 HASBRO";;;
"Кукла Barbie ""Делюкс"", в коробке 83680 Mattel";;;
"Кукла Barbie ""Дом мечты Barbie"" 87BBX Mattel";;;
"Кукла Barbie ""Игра с модой"" в ассортименте DTD96 Mattel";;;
"Кукла Barbie ""Игра с модой"" Гардероб Барби и Кена X7862 Mattel";;;
"Кукла Barbie ""Кем быть?"" в ассортименте DVF50 Mattel";;;
"Кукла Barbie ""Кем быть"" Друзья в ассортименте FCP64 Mattel";;;
"Кукла Barbie ""Морские приключения"" FBD63 Mattel";;;
"Кукла Barbie ""Морские приключения"" Русалка-трансформер FBD64 Mattel";;;
"Кукла Barbie ""Семья Barbie"" на самокате DVX57 Mattel";;;
"Кукла Barbie ""Сияние моды"" в ассортименте 7580T Mattel";;;
"Кукла Barbie Dreamtopia Мини русалочка с волшебными пузырьками в ассортименте DVM97 Mattel";;;
"Кукла Barbie Dreamtopia Принцесса в ассортименте DHM49 Mattel";;;
"Кукла Barbie Dreamtopia Принцесса с волшебными волосами DWH41 Mattel";;;
"Кукла Barbie Dreamtopia Радужные русалочки в ассортименте DHM45 Mattel";;;
"Кукла Barbie Dreamtopia Феи- Челси в ассортименте DVM87 Mattel";;;
"Кукла Barbie Ken из серии ""Barbie и космическое приключение"" DLT24 Mattel";;;
"Кукла Barbie Mix&Match Русалочка CFF28 Mattel";;;
"Кукла Barbie в вечернем платье в ассортименте DGY69 Mattel";;;
"Кукла Barbie в космическом платье DLT25 Mattel";;;
"Кукла Barbie в платье-трансформере в ассортименте DMB30 Mattel";;;
"Кукла Barbie Жемчужная принцесса Русалочки-подружки BDB47 Mattel";;;
"Кукла Barbie и виртуальный мир Геймер DTV96 Mattel";;;
"Кукла Barbie и виртуальный мир Кен DTW09 Mattel";;;
"Кукла Barbie и виртуальный мир на роликах DTW17 Mattel";;;
"Кукла Barbie и космические приключения с летающим котом Попкорном DWD24 Mattel";;;
"Кукла Barbie Игра с модой в ассортименте DGY54 Mattel";;;
"Кукла Barbie Игра с модой в ассортименте FBR37 Mattel";;;
"Кукла Barbie из серии ""Безграничные движения"" в ассортименте DHL81 Mattel";;;
"Кукла Barbie Кем быть? в ассортименте CFR03 Mattel";;;
"Кукла Barbie Кем быть? Игровой набор в ассортименте R3893 Mattel";;;
"Кукла Barbie Коллекционная Красная дорожка BCP86 Mattel";;;
"Кукла Barbie Конфетная принцесса DYX28 Mattel";;;
"Кукла Barbie Космическое приключение Сёстры DLT27 Mattel";;;
"Кукла Barbie Мини-русалочка в ассортименте CJD19 Mattel";;;
"Кукла Barbie Принцесса в ассортименте DMM06 Mattel";;;
"Кукла Barbie Принцесса с волшебными волосами DKB62 Mattel";;;
"Кукла Barbie принцесса с длинными волосами в ассортименте DKB56 Mattel";;;
"Кукла Barbie Радужная принцесса с волшебными волосами DPP90 Mattel";;;
"Кукла Barbie разработчик компьютерных игр DMC33 Mattel";;;
"Кукла Barbie РОК-ПРИНЦЕССА с музыкальными инструметами CKB60 Mattel";;;
"Кукла Barbie с ховербордом из серии ""Barbie и космическое приключение"" DLT23 Mattel";;;
"Кукла Barbie Секретная дверь Русалка/Фея BLP24 Mattel";;;
"Кукла Barbie Сказочная невеста CFF37 Mattel";;;
"Кукла Barbie Стиль в ассортименте 7439T Mattel";;;
"Кукла Barbie Супер-принцесса Карин CDY62 Mattel";;;
"Кукла Barbie Фея в ассортименте DHM50 Mattel";;;
"Кукла Barbie Фея с волшебными пузырьками в ассортименте DVM94 Mattel";;;
"Кукла Barbie Челси и пони DLY34 Mattel";;;
"Кукла Barbie Шпионский отряд в ассортименте DHF06 Mattel";;;
"Кукла C0455 Эльза DISNEY FROZEN в музыкальном платье HASBRO";;;
"Кукла DESCENDANTS День Семьи в ассортименте B3116EU4 HASBRO";;;
"Кукла DESCENDANTS Мол и Ива в ассортименте B3113EU4 HASBRO";;;
"Кукла DESCENDANTS НЕОН Светлые герои в ассортименте В6858 HASBRO";;;
"Кукла DISNEY Elena of Avalor в наряде для приключений C0378 HASBRO";;;
"Кукла DISNEY Elena of Avalor Елена и волшебный скипетр со светом C0379 HASBRO";;;
"Кукла Disney Princess ""Ослепительные принцессы"" в ассортименте BDJ22(BDJ23/24/25) Mattel";;;
"Кукла Disney Princess Elena of Avalor классическая B7369 HASBRO";;;
"Кукла Disney Princess Frozen Fever герои м/ф Холодное Сердце Анна и Кристоф BDK35 Mattel";;;
"Кукла Disney Princess Frozen Fever Холодное сердце Анна и Кристоф CMT82 Mattel";;;
"Кукла Disney Princess Анна, героиня м/ф Холодное сердце Y9958 Mattel";;;
"Кукла Disney Princess в ассортименте (Золушка/Мерида) BDJ10(BDJ15/16) Mattel";;;
"Кукла Disney Princess в ассортименте Y5647(Y5648-5651) Mattel";;;
"Кукла DISNEY PRINCESS в юбке с проявляющимся принтом в ассортименте B5295 HASBRO";;;
"Кукла Disney Princess Золушка День свадьбы CGT55 Mattel";;;
"Кукла Disney Princess Куклы Золушка/ Ариель/ Аврора, 3в. в ассорт. 94CDB Mattel";;;
"Кукла Disney Princess Принцесса в с длинными волосами и аксессуарами в ассортименте B5292 HASBRO";;;
"Кукла Disney Princess Рапунцель классическая с модной причёской C1748 HASBRO";;;
"Кукла Disney Princess Холодное сердце Анна и Эльза в ассортименте CMM29/30/31пц Mattel";;;
"Кукла Disney Princess Холодное сердце в платье меняющем цвет, (Анна, Эльза в ассорт.) BDK31 Mattel";;;
"Кукла Disney Princess Холодное сердце снеговик Олаф CBH61 Mattel";;;
"Кукла DisneyPrincess балерина Золушка/Бэлль/Аврора,в ассортименте CGF30(CG31/CGF32/CGF33) Mattel";;;
"Кукла Enchantimals Морские подружки с тематическим набором в ассортименте FKV58 Mattel";;;
"Кукла Enchantimals с белкой FMT61 Mattel";;;
"Кукла Enchantimals с любимой зверюшкой в ассортименте DVH87 Mattel";;;
"Кукла Enchantimals с питомцем (в ассортименте) FNH22 Mattel";;;
"Кукла Enchantimals Хиксби Ежик FJJ22 Mattel";;;
"Кукла Ever After High  Главные герои в ассорт. DLB34 Mattel";;;
"Кукла Ever After High ""Эшлин Элла в трансформирующемся платье 2-в-1"" DNB90 Mattel";;;
"Кукла Ever After High Главные персонажи из коллекции ""Заколдованная зима"" DKR62 Mattel";;;
"Кукла Ever After High Главные персонажи из коллекции ""Заколдованная зима"" DPP79 Mattel";;;
"Кукла Ever After High из коллекции ""Заколдованная зима"" DNR63 Mattel";;;
"Кукла Ever After High из серии ""Именинный бал"" в ассортименте DHM03 Mattel";;;
"Кукла Ever After High Кукла-пикси Хэйрлоу - Кролик DHF98 DHG00 Mattel";;;
"Кукла Ever After High Лучница в ассортименте DVH82 Mattel";;;
"Кукла Ever After High Лучница Рэйвен Квин Главные герои DVJ21 Mattel";;;
"Кукла Ever After High Отважные принцессы в ассортименте DVJ17 Mattel";;;
"Кукла Ever After High Пикси DHF98 DHF99 Mattel";;;
"Кукла Ever After High Пикси в ассортименте DHF98 Mattel";;;
"Кукла LITTLEST PET SHOP Модница Блайс и зверюшка (в ассорт.) A8227ТВС HASBRO";;;
"Кукла Monster High ""Буникальные танцы"" базовая DNX18 Mattel";;;
"Кукла Monster High ""Буникальные танцы"" с аксессуарами DNX32 Mattel";;;
"Кукла Monster High ""Монстры по обмену"" в ассортименте CFD17 Mattel";;;
"Кукла Monster High Boo York новые персонажи в ассортименте CHW64 Mattel";;;
"Кукла Monster High в ассортименте CCM65 Mattel";;;
"Кукла Monster High Главные персонажи в ассортименте DTD90 Mattel";;;
"Кукла Monster High Главные персонажи в модных нарядах  DNW97 Mattel";;;
"Кукла Monster High Дана Джонс Пиратская авантюра DTV93 Mattel";;;
"Кукла Monster High Дракулаура ""Стильные прически"" DVH36 Mattel";;;
"Кукла Monster High Дракулаура в трансформирующемся наряде DNX65 Mattel";;;
"Кукла Monster High Монстры-кентавры DGD12 Mattel";;;
"Кукла Monster High Рошель Гойл Пиратская авантюра, с питомцем DTV88 Mattel";;;
"Кукла Monster High Скелита Калаверас DPH48 Mattel";;;
"Кукла Monster High Спектра Эри Хонтингтон поющая DYP01 Mattel";;;
"Кукла Monster High Цветочные монстряшки в ассортименте FCV52 Mattel";;;
"Кукла Monster High Шапито в ассортименте CHY01 Mattel";;;
"Кукла Monster High Школа Монстров ""Пижамная вечеринка"" в ассортименте DPC40 Mattel";;;
"Кукла MY LITTLE PONY Equestria Girls в ассортименте A3994E24 HASBRO";;;
"Кукла MY LITTLE PONY Equestria Girls Вондерколт B1771 HASBRO";;;
"Кукла MY LITTLE PONY Equestria Girls Легенда Вечнозеленого леса Делюкс в ассортименте B6479 HASBRO";;;
"Кукла MY LITTLE PONY Equestria Girls Легенда Вечнозеленого леса, Делюкс с аксессуарами B6478 HASBRO";;;
"Кукла MY LITTLE PONY Equestria Girls Легенда Вечнозеленого леса,в ассорт. B6476 HASBRO";;;
"Кукла MY LITTLE PONY Equestria Girls Легенда Вечнозеленого леса,в ассорт. B6477 HASBRO";;;
"Кукла MY LITTLE PONY Equestria Girls мини,в ассорт. C0839 HASBRO";;;
"Кукла MY LITTLE PONY Equestria Girls Модница (в ассорт). A8841EU4 HASBRO";;;
"Кукла MY LITTLE PONY Equestria Girls Супер-модница Твайлайт A8059ТВС HASBRO";;;
"Кукла MY LITTLE PONY Equestria Girls Темномолнии, спорт B1772 HASBRO";;;
"Куклы Disney Princess Спящая красавица и принц Филипп BMB71 Mattel";;;
"Куклы Enchantimals с большими зверюшками FKY72 Mattel";;;
"Летательный щит Captain America (Капитан Америка) Avengers (Мстители)     B0444 HASBRO";;;
"Лук NERF REBELLE ""Разбитое сердце"" A6130E27 HASBRO";;;
"Лук NERF REBELLE Базовый B8213 HASBRO";;;
"Лук NERF REBELLE с автоматической подачей стрел B1696 HASBRO";;;
"Лук NERF REBELLE Секреты и Шпионы ""Секретная миссия"" B0344 HASBRO";;;
"Лук NERF Элит бластер B5574 HASBRO";;;
"Маска Avengers (Мстители) базовая в ассортименте B9945 HASBRO";;;
"Маска Avengers (Мстители) в ассортименте 9,5 см. B0439 HASBRO";;;
"Маска HASBRO Avengers (Мстители) в ассортименте B6654";;;
"Маска STAR WARS электронная Чубакки, сообщника повстанцев. B3226 HASBRO";;;
"Маска TRANSFORMERS Трансформер 5 C0890 HASBRO";;;
"Машинка Hot Wheels COLOR SHIFTERS модель в ассортименте BHR15 Mattel";;;
"Машинка Hot Wheels Кубок УЕФА 2016 Декорированная DJL38 Mattel";;;
"Машинка Hot Wheels на бат. свет+звук электромех. питон зелён. 23 см HW90514 Mattel";;;
"Машинка металлическая Blaze Вспыш и чудо-машинки в ассортименте CGF20 Mattel";;;
"Меч STAR WARS световой раздвижной главного Злодея B3691 HASBRO";;;
"Меч STAR WARS световой, раздвижной. B2912 HASBRO";;;
"Меч STAR WARS электронный именной B2949EU4 HASBRO";;;
"Меч STAR WARS электронный, лазерный. B2919 HASBRO";;;
"Мини-фигурка Avengers (Мстители) Мини-вселенная Делюкс, набор из 2-х фигурок 6 см. B0448 HASBRO";;;
"Мини-фигурка Avengers (Мстители) набор из 2-х фигурок 6 см. B0423 HASBRO";;;
"Мобиле Fisher Price Мечты о бабочках (обновленный) CDN41 Mattel";;;
"Модель Cars базовые машинки в ассортименте DXV29 Mattel";;;
"Модель Cars2 базовые машинки в ассортименте W1938/1941/1940/1939 Mattel";;;
"Модель Hot Wheels ""MONSTER JAM"" Машинка-мутант CFY42 Mattel";;;
"Модель Hot Wheels ""Star Wars"" Базовые машинки в ассортименте. CGW35 Mattel";;;
"Модель Hot Wheels Базовые машинки в ассортименте 5785 Mattel";;;
"Модель Hot Wheels Зведные Войны в ассортименте DPV24 Mattel";;;
"Модель Planes Самолеты в масштабе 1:55 в ассортименте X9459 Mattel";;;
"Мягкая игрушка Fisher-Price проектор ""Бегемотик"" CGN86 Mattel";;;
"Мягкая игрушка MY LITTLE PONY малышка принцесса B5365 HASBRO";;;
"Мячик Fisher Price Слоненок W9908 Mattel";;;
"Набор «Замочки с секретом» Hasbro E3103";;;
"Набор Barbie ""Игра с модой"" Одежда CFX73 Mattel";;;
"Набор Barbie ""Игра с модой"" Цветные локоны DWK49 Mattel";;;
"Набор Barbie для создания блестящих причесок в ассортименте DTK04 Mattel";;;
"Набор Barbie для создания цветных нарядов DMC10 Mattel";;;
"Набор Barbie Игра с модой Модный гардероб Кена N8329 Mattel";;;
"Набор Barbie РОК-ПРИНЦЕССА Звёздная сцена CKB78 Mattel";;;
"Набор Barbie Челси с пони в ассортименте DYL42 Mattel";;;
"Набор Barbie Шеф итальянской кухни DMC36 Mattel";;;
"Набор BLAZE Вспыш и чудо-машинки, ""Гиперпетля"" DTK34 Mattel";;;
"Набор BOOMco Бластеров ""Двойная защита"" BGY63 Mattel";;;
"Набор BOOMco Патронов в ассортименте Y8621 Mattel";;;
"Набор BOOMco Патронов на крепеже (20 штук) CJG62 Mattel";;;
"Набор BOOMco Патронташ компактный CJF21 Mattel";;;
"Набор C1306 TROLLS Волшебное дерево троллей HASBRO";;;
"Набор Disney frozen маленькие куклы холодное сердце в ассорт. b5194 Hasbro";;;
"Набор Disney Princess Холодное сердце куклы Анна & Эльза DFR78пц Mattel";;;
"Набор DOH-VINCI блестящих катриджей в ассортименте B4932 HASBRO";;;
"Набор Enchantimals из 2х кукол с любимыми зверюшками FDG01 Mattel";;;
"Набор Fisher Price Развивающие кубики K7167 Mattel";;;
"Набор Hot Wheels ""Star Wars"" Базовых машинок в ассортименте CGX02 Mattel";;;
"Набор Hot Wheels ""Треки"" Построй трек в ассортименте. BGX82 Mattel";;;
"Набор Hot Wheels Конструктор трасс: базовый с машинкой в ассортименте DNH84 Mattel";;;
"Набор Hot Wheels Подарочный 20 машинок H7045 Mattel";;;
"Набор Hot Wheels Подарочный 5 машинок 1806 Mattel";;;
"Набор Hot Wheels подарочный из 3 машинок K5904 Mattel";;;
"Набор Hot Wheels Серия ""Треки"" Базовый в ассортименте CDM44 Mattel";;;
"Набор MY LITTLE PONY Equestria Girls ""Пижамная вечеринка"" мини-кукол, в ассорт. B8824 HASBRO";;;
"Набор MY LITTLE PONY Pop Тематический A8207TBC/A8207 HASBRO";;;
"Набор MY LITTLE PONY Pop Тематический в ассорт. B0370 HASBRO";;;
"Набор MY LITTLE PONY Коллекционный мини игровой пони в ассортименте B3597 HASBRO";;;
"Набор MY LITTLE PONY Создай свою пони с крыльями в ассортименте B3590EU4 HASBRO";;;
"Набор MY LITTLE PONY Хранители Гармонии ""Чиз сэндвич на танке"" B6010 HASBRO";;;
"Набор NERF REBELLE из 8 стрел для секретных сообщений A8861 HASBRO";;;
"Набор NERF REBELLE Специальных стрел для лука ""Секреты и Шпионы"" A8860 HASBRO";;;
"Набор NERF Зомби 30 стрел для бластеров A4570E24 HASBRO";;;
"Набор NERF МЕГА 10 стрел для бластеров A4368E24 HASBRO";;;
"Набор NERF МЕГА 20 стрел B0085 HASBRO";;;
"Набор NERF Элит 10 деко-стрел В5571 HASBRO";;;
"Набор NERF Элит 30 стрел для бластеров A0351 HASBRO";;;
"Набор NERF Элит гранат для бластера Разрушитель A8951 HASBRO";;;
"Набор PLAY-DOH ""Вечеринка"" 18367 HASBRO";;;
"Набор PLAY-DOH ""Кухонная плита"" B9014 HASBRO";;;
"Набор PLAY-DOH ""Приготовь и нарежь на дольки"" B9012 HASBRO";;;
"Набор PLAY-DOH ""Сделай и измерь"" B9016 HASBRO";;;
"Набор PLAY-DOH ""Фабрика пирожных"" A0318 HASBRO";;;
"Набор PLAY-DOH Буквы и языки C3581 HASBRO";;;
"Набор PLAY-DOH Вечеринка Пинки Пай B9324 HASBRO";;;
"Набор PLAY-DOH пластилин с формочками 22735E HASBRO";;;
"Набор PLAY-DOH пластилина из 8 банок PLUS A1206 HASBRO";;;
"Набор PLAY-DOH Тематический (пластилин с формачками в ведре) 23414186 HASBRO";;;
"Набор PLAY-DOH Цифры и числа B3406 HASBRO";;;
"Набор PLAYSKOOL Музыкальный замок Пони B1648EU40 HASBRO";;;
"Набор STAR WARS ""Битвы Звёздных войн"" B3827 HASBRO";;;
"Набор STAR WARS Fighter Pods Боевые Капсулы, класс 1 (в ассорт) A0860E27 HASBRO";;;
"Набор STAR WARS Fighter Pods Боевые капсулы.Класс 2 (в ассорт) 38582148 HASBRO";;;
"Набор STAR WARS Титаны ""Герои Звездных войн"" с т/с в комплекте B3917 HASBRO";;;
"Набор Thomas&Friends Preschool Круговой трек Содора BCX82 Mattel";;;
"Набор Thomas&Friends Preschool Мой первый Томас BCX71 Mattel";;;
"Набор Thomas&Friends Коллекция Выставка акул BMF08 Mattel";;;
"Набор для творчества DOH-VINCI ""Ваза дизайнера"" B2834 HASBRO";;;
"Набор для творчества DOH-VINCI ""Люстра ДаВинчи"" B6998 HASBRO";;;
"Набор для творчества DOH-VINCI ""Микшер цветов"" A9212 HASBRO";;;
"Набор для творчества DOH-VINCI ""Платиновый стайлер"" B4935EU4 HASBRO";;;
"Набор для творчества DOH-VINCI ""Профессиональный стилист"" A7190 HASBRO";;;
"Набор для творчества DOH-VINCI ""Пять премиум украшений"" B6376 HASBRO";;;
"Набор для творчества DOH-VINCI ""Стильный туалетный столик"" A7197 HASBRO";;;
"Набор для творчества DOH-VINCI ""Украшение-стикер для стены"" B6999 HASBRO";;;
"Набор для творчества DOH-VINCI ""Фоторамка для любимой фотографии"" B4933 HASBRO";;;
"Набор для творчества DOH-VINCI ""ХОЛОДНОЕ СЕРДЦЕ"" B6287 HASBRO";;;
"Набор для творчества DOH-VINCI Картриджей в ассортименте A8322 HASBRO";;;
"Набор для творчества DOH-VINCI Картриджи одиночные в ассорт. B3461 HASBRO";;;
"Набор для творчества PLAY-DOH ""Ведёрочко"" пластилин с формочками в ассортименте 23414 HASBRO";;;
"Набор для творчества PLAY-DOH ""Создай мир"" Студия C2860 HASBRO";;;
"Набор для творчества PLAY-DOH для праздника 15 баночек 18367 HASBRO";;;
"Набор для творчества PLAY-DOH Лепи и делай причёски B9018 HASBRO";;;
"Набор для творчества PLAY-DOH Твайлайт и Рарити B9717 HASBRO";;;
"Набор для творчества PLAY-DOH Тролли B9027 HASBRO";;;
"Набор игрушек Hasbro LPS 2 космических ПЕТОВ";;;
"Набор из 2 фигурок ""Литл Пет Шоп"" - Зефирные петы, 2 серия E0399 Hasbro";;;
"Настольная игра Hasbro Games ""Cluedo: детективная"" 38712121 HASBRO";;;
"Настольная игра Hasbro Games в жизнь-Каникулы C0161 HASBRO";;;
"Настольная игра Monopoly ""Тачки 2 "" (русская) Hasbro";;;
"Настольная игра Monopoly Fifa 2018 T12023 Hasbro";;;
"Настольная игра Monopoly Всемирная B2348 Hasbro";;;
"Настольная игра MONOPOLY Геймер C1815 HASBRO";;;
"Настольная игра Monopoly Классическая,обновленная C1009 Hasbro";;;
"Настольная игра Monopoly Миллионер 98838 Hasbro";;;
"Настольная игра MONOPOLY Моя первая Монополия A6984 HASBRO";;;
"Настольная игра Monopoly Россия (новая уникальная версия) B7512 Hasbro";;;
"Настольная игра Monopoly Россия 01610 Hasbro";;;
"Настольная игра Monopoly с банковскими картами (обновленная) B6677 Hasbro";;;
"Настольная игра OTHER GAMES Клуэдо A5826 HASBRO";;;
"Ночник Fisher Price Слоненок 6586Y Mattel";;;
"Ночник PLAYSKOOL ""Панда"" A0619148 HASBRO";;;
"Очки NERF агента NERF и 5 стрел Элит A5068 HASBRO";;;
"Перчатки Avengers (Мстители) Железного человека B9957 HASBRO";;;
"Пианино Fisher Price Музыкальное с кубиками V6940 Mattel";;;
"Пластизоль HASBRO GT My Little Pony Пинки Пай со светом и звуком, в блистере GT8613";;;
"Пластизоль HASBRO GT My Little Pony Пони Принц и Принцесса Cadance, 2шт в пакете GT8100";;;
"Пластизоль HASBRO GT My Little Pony Принц со светом и звуком, в блистере GT8610";;;
"Пластилин DOH-VINCI Набор блестящих катриджей в ассортименте B0006 HASBRO";;;
"Пластилин PLAY-DOH ""Набор из 4-х баночек в ассортименте"" B5517 HASBRO";;;
"Пластилин PLAY-DOH 1 Баночка в ассортименте B6754 HASBRO";;;
"Пластилин PLAY-DOH 1 баночка в ассортименте B6756 HASBRO";;;
"Пластилин PLAY-DOH 20 банок PLAY-DOH A7924 HASBRO";;;
"Пластилин PLAY-DOH из 6 баночек с конфети B3423 HASBRO";;;
"Пластилин PLAY-DOH цветной 10 банок в тубе 22037 HASBRO";;;
"Плюшевые парочки B9852 в ассортименте HASBRO";;;
"Пони My little pony 13см в ассорт. b0375 Hasbro";;;
"Пони My little pony делюкс a8205 Hasbro";;;
"Пони My little pony принцесса селестия,26 см,со звуком GT9001 Hasbro";;;
"Пони My little pony с блестками в ассорт. b0357h Hasbro";;;
"Пони My little pony с крыльями в ассорт. b0371 Hasbro";;;
"Пони My little pony сумеречная искорка 20 см в сумочке 2098091 Hasbro";;;
"Пони My little pony хранители гармонии с артикуляцией b6008 Hasbro";;;
"Пони PLAYSKOOL My Little Pony Пони-малышки B1910EU4 HASBRO";;;
"Пони PLAYSKOOL мягкая (светится) B1652EU4 HASBRO";;;
"Пони-модница MY LITTLE PONY Рарити B0367 HASBRO";;;
"Пони-подружки My Little Pony с аксессуарами B8924 HASBRO";;;
"Прорезыватель Fisher Price Телефон/Ключики в ассортименте DFP52/DPK28 Mattel";;;
"Развивающая игрушка Fisher Price Гусеница с сюрпризом DHW14 Mattel";;;
"Развивающая игрушка Fisher Price Зеркальце Лисенок CDT13 Mattel";;;
"Развивающая игрушка Fisher Price Панель ""Друзья из тропического леса"" DMJ39 Mattel";;;
"Развивающая игрушка Mattel Fisher Price Щенок Робота Бибо FBC96";;;
"Робот Fisher Price Обучающий Бибо DJX26 Mattel";;;
"Рюкзак школьный эргоном.спинка Mattel дев Superlight Tobot, 38*28*15,5   4998020   3622415";;;
"Самолет Avengers (Мстители) игровой набор B0425 HASBRO";;;
"Сортер Fisher-Price волшебный горшочек ""Смейся и учись"" K2831 Mattel";;;
"Сортер PLAYSKOOL складной B1914 HASBRO";;;
"Телефон GT8660 сотовый My Little Pony, в блистере 21,9*13,6см HASBRO";;;
"Телефон GT8661 сотовый Transformers, в блистере 21,9*13,6см HASBRO";;;
"Телефон GT8664 сотовый Transformers, в блистере 13,5*2*22см HASBRO";;;
"Телефон GT8668 сотовый My Little Pony, на батарейках, в коробке 21,9*13,6см HASBRO";;;
"Телефон сотовый Transformers со звуком GT8663 HASBRO";;;
"Трансформер ""Крэш-Комбайнер"" Роботы под прикрытием С0628 HASBRO";;;
"Трансформер Hasbro Transformers 5 вояджер c0891";;;
"Трансформер Hasbro Transformers 5 легион c0889";;;
"Трансформер Hasbro Transformers 5 уан-степ c0884";;;
"Трансформер Transformers 4 аттакеры a6147e24 Hasbro";;;
"Трансформер Transformers 4 дино спарклс a6492e24 Hasbro";;;
"Трансформер Transformers 5 войны в ассортименте c0886 Hasbro";;;
"Трансформер Transformers 5 войны делюкс в ассортименте c0887 Hasbro";;;
"Трансформер Transformers 5 мини-титан c0882 Hasbro";;;
"Трансформер Transformers войны титанов дэлюкс b7762 Hasbro";;;
"Трансформер Transformers дженерэйшнс легенды class ast w1 b0971h Hasbro";;;
"Трансформер Transformers дженерэйшнс: войны титанов лидер b7997eu4 Hasbro";;;
"Трансформер Transformers дженерэйшнс:войны титанов лэджендс b7771 Hasbro";;;
"Трансформер Transformers роботс-ин-дисгайс войны b0070 Hasbro";;;
"Трансформер Transformers роботс-ин-дисгайс гиперчэндж b0067 Hasbro";;;
"Трансформер Transformers роботс-ин-дисгайс уан-стэп b0068 Hasbro";;;
"Трансформер Transformers роботы под прикрытием: гирхэд-комбайнер c0653 Hasbro";;;
"Трасса Hot Wheels для разделяющихся гонщиков DHY27 Mattel";;;
"Трек Hot Wheels Базовая трюковая трасса в ассортименте DNN77 Mattel";;;
"Фигурка Avengers Марвел 15см в асорт. В1686 HASBRO";;;
"Фигурка Avengers Мстителей класса А B6660EU4/B6660EU6 HASBRO";;;
"Фигурка Avengers Мстители 15 см в ассортименте B9939EU4 HASBRO";;;
"Фигурка Avengers Мстители Халкбастера B6496EU4 HASBRO";;;
"Фигурка B9691 SPIDER-MAN интерактивная HASBRO";;;
"Фигурка B9760 SPIDER-MAN из серии Титаны 30 см HASBRO";;;
"Фигурка Hot Wheels Звездного корабля в ассортименте Серия ""Star Wars"" CGW52 Mattel";;;
"Фигурка IRON MAN 3 трансформер в ассортименте A1731E27 HASBRO";;;
"Фигурка JURASSIC WORLD Динозавр драчун (в ассорт) B1143 HASBRO";;;
"Фигурка MAX STEEL Монстр в ассортименте Y9507 Mattel";;;
"Фигурка MY LITTLE PONY Пони в ассортименте 24984148 HASBRO";;;
"Фигурка SPIDER-MAN Паутинный город 15см в ассортименте B9701 HASBRO";;;
"Фигурка SPIDER-MAN Паутинный город 15см в ассортименте B9765EU4 HASBRO";;;
"Фигурка SPIDER-MAN Человек-Паук 15 см в ассортименте A6284E27 HASBRO";;;
"Фигурка SPIDER-MAN Человек-Паук 9,5 см (в ассорт.) A5700E27 HASBRO";;;
"Фигурка STAR WARS 9,5 см Миссия в Пустыне/ Снежная миссия B3963 HASBRO";;;
"Фигурка STAR WARS в ассорт. B3656EU4 HASBRO";;;
"Фигурка STAR WARS Титаны Герои Звездных Войн (в ассорт.) A0865E35 HASBRO";;;
"Фигурка TROLLS Поопи с супердлинными волосами со светом и звуком C1305EU4 HASBRO";;;
"Фигурка TROLLS с супердлинными поднимающимися волосами в ассортименте C1300EU4 HASBRO";;;
"Фигурка Yokai Watch Йо-кай Вотч B6047 HASBRO";;;
"Фигурка Йо-кай Вотч с медалью B5946 HASBRO";;;
"Фигурка коллекционная Avengers (Мстители) 15 см. в ассортименте В0438 HASBRO";;;
"Фигурка коллекционная Avengers (Мстители) Титаны 30 см. в ассортименте 6699E27А HASBRO";;;
"Фигурка разборная HERO MASHERS с оружием в ассортименте A6833EU40 HASBRO";;;
"Фигурка разборная HERO MASHERS улучшенная, (в ассорт.) B0677 HASBRO";;;
"Фигурки MY LITTLE PONY пони ""Яблочная Аллея"", в ассорт. B2071EU4 HASBRO";;;
"Фигурки PLAYSKOOL Делюкс SW в ассортименте B2033EU4 HASBRO";;;
"Фигурки STAR WARS легендарной Саги A3857E27 HASBRO";;;
"Фреска Кпп-008 Картина из песка. Hasbro My Little Pony с глиттером ""Радуга Дэш"" LORI";;;
"Фреска Кпп-009 Картина из песка. Hasbro Equestria Girls ""Искорка"" LORI";;;
"Фреска Кпп-011 Картина из песка. Hasbro Equestria Girls ""Рарити"" LORI";;;
"Фреска Кпп-012 Картина из песка. Hasbro Equestria Girls ""Веселая Пинки Пай"" LORI";;;
